Model,Accuracy,AUC,Precision,Recall,F1,MCC
decision_tree,0.9210526315789473,0.9447751322751322,0.9459459459459459,0.8333333333333334,0.8860759493670886,0.8299275201966065
knn,0.956140350877193,0.9834656084656084,0.9743589743589743,0.9047619047619048,0.9382716049382716,0.9058238738943076
logistic_regression,0.9736842105263158,0.996031746031746,0.975609756097561,0.9523809523809523,0.963855421686747,0.9433397594898876
naive_bayes,0.9385964912280702,0.9933862433862434,1.0,0.8333333333333334,0.9090909090909091,0.8714893406611902
random_forest,0.9649122807017544,0.9943783068783069,1.0,0.9047619047619048,0.95,0.9258200997725514
xg_boost,0.9649122807017544,0.9920634920634921,1.0,0.9047619047619048,0.95,0.9258200997725514
